{"_wandb":{"runtime":33},"val_loss":0.3389394615665073,"epoch":9,"_timestamp":1.7421984129381518e+09,"test_accuracy":0.8717,"loss":0.2836496738017303,"_step":10,"accuracy":0.8951851851852333,"val_accuracy":0.882,"_runtime":33.8402201}