{"epoch":9,"_runtime":27.9113577,"_wandb":{"runtime":27},"loss":0.2963410406236694,"_timestamp":1.742197018491312e+09,"_step":10,"val_accuracy":0.8761666666666666,"accuracy":0.8914074074073874,"val_loss":0.36608689382116305,"test_accuracy":0.8682}