{"_step":10,"test_accuracy":0.8174,"_runtime":126.051829,"accuracy":0.823777777777812,"_wandb":{"runtime":126},"val_accuracy":0.8253333333333334,"epoch":9,"val_loss":0.4957166694528307,"_timestamp":1.7421988552902923e+09,"loss":0.4912026060923385}