{"loss":NaN,"epoch":4,"_runtime":7.5436634,"_timestamp":1.7421249383323772e+09,"val_accuracy":0.09333333333333334,"test_accuracy":0.1,"val_loss":NaN,"_wandb":{"runtime":7},"_step":5,"accuracy":0.10074074074074124}