{"epoch":14,"_timestamp":1.7421493909397268e+09,"_wandb":{"runtime":289},"test_accuracy":0.1,"accuracy":0.10037037037037194,"val_loss":31.142463382744463,"val_accuracy":0.09833333333333333,"loss":31.072106616013848,"_step":15,"_runtime":289.8218965}