{"val_accuracy":0.09833333333333333,"test_accuracy":0.1,"_wandb":{"runtime":44},"loss":2.3721105855368316,"_runtime":44.427127,"_step":15,"val_loss":2.3869236300617236,"accuracy":0.09900000000000274,"_timestamp":1.7421512026491706e+09,"epoch":14}