{"accuracy":0.09940740740740787,"epoch":4,"_runtime":40.2006467,"val_accuracy":0.10133333333333333,"test_accuracy":0.1,"val_loss":2.3026826649933816,"_timestamp":1.7422081076537316e+09,"_step":5,"loss":2.3027324847173056,"_wandb":{"runtime":40}}