{"_wandb":{"runtime":69},"epoch":9,"val_loss":0.3147035016709718,"loss":0.2629543147283293,"_timestamp":1.7422091124144125e+09,"_runtime":69.4077932,"val_accuracy":0.8861666666666667,"test_accuracy":0.8745,"_step":10,"accuracy":0.902277777777827}