{"loss":2.3051974054741726,"test_accuracy":0.1,"_timestamp":1.742150795859511e+09,"val_loss":2.3032625500372452,"_wandb":{"runtime":52},"_step":15,"epoch":14,"val_accuracy":0.10033333333333333,"accuracy":0.09829629629629681,"_runtime":52.4616468}