{"_wandb":{"runtime":63},"loss":31.04716194417325,"val_loss":31.119437531814523,"val_accuracy":0.099,"_step":15,"accuracy":0.10109259259259307,"_timestamp":1.742151956311949e+09,"_runtime":63.1933632,"test_accuracy":0.1,"epoch":14}