{"val_loss":1.8624424430781517,"test_accuracy":0.1806,"accuracy":0.23072222222222777,"loss":1.7692987454198876,"_wandb":{"runtime":117},"epoch":9,"_step":10,"val_accuracy":0.1785,"_timestamp":1.7421251445693848e+09,"_runtime":117.8752496}