{"epoch":4,"_step":5,"val_loss":2.302956848645367,"_runtime":13.9988883,"accuracy":0.09766666666666833,"val_accuracy":0.10133333333333333,"_wandb":{"runtime":14},"test_accuracy":0.1,"_timestamp":1.7421965091841543e+09,"loss":2.303539957365333}