{"_wandb":{"runtime":17},"_step":10,"loss":2.3025876524688282,"val_accuracy":0.09333333333333334,"accuracy":0.10074074074074109,"val_loss":2.302651046224504,"epoch":9,"_runtime":17.0680946,"test_accuracy":0.1,"_timestamp":1.742124858762027e+09}