{"accuracy":0.8994814814815305,"_wandb":{"runtime":67},"_timestamp":1.74221426042949e+09,"_step":11,"best_model_confusion_matrix":{"format":"png","width":1400,"height":1200,"_type":"image-file","sha256":"c977a4a0341709a6b173fd9da6a7d4b240041d01e956f9fb8f8448b81c3454c5","size":125758,"path":"media/images/best_model_confusion_matrix_10_c977a4a0341709a6b173.png"},"val_accuracy":0.8775,"epoch":9,"val_loss":0.3432093790104664,"loss":0.27129036770394904,"final_test_accuracy":0.8723,"_runtime":67.1609501}