{"loss":2.3679348835398515,"accuracy":0.09825925925925971,"_timestamp":1.7421523493689487e+09,"val_accuracy":0.10033333333333333,"epoch":14,"_step":15,"_wandb":{"runtime":73},"_runtime":73.3526565,"test_accuracy":0.1,"val_loss":2.370444683309224}