{"loss":2.3262631952025217,"epoch":4,"accuracy":0.10022222222222486,"_runtime":38.0618254,"_step":5,"_wandb":{"runtime":38},"test_accuracy":0.1,"val_loss":2.333229117054866,"val_accuracy":0.10716666666666666,"_timestamp":1.74212483724757e+09}