{"_timestamp":1.7421965364582345e+09,"test_accuracy":0.1,"_step":5,"val_accuracy":0.09333333333333334,"accuracy":0.0981666666666671,"_wandb":{"runtime":14},"loss":2.302589380444913,"_runtime":14.9167669,"val_loss":2.3026053870298147,"epoch":4}