{"_wandb":{"runtime":22},"accuracy":0.10127777777777935,"val_loss":2.3024876112845902,"_step":10,"val_accuracy":0.10716666666666666,"_runtime":22.2314171,"_timestamp":1.7422083386567624e+09,"epoch":9,"loss":2.3026099824564086,"test_accuracy":0.1}