{"loss":NaN,"_wandb":{"runtime":28},"val_loss":NaN,"epoch":4,"_step":5,"accuracy":0.10074074074074325,"_timestamp":1.742124891431634e+09,"val_accuracy":0.09333333333333334,"_runtime":28.4563923,"test_accuracy":0.1}