{"_wandb":{"runtime":52},"_step":10,"epoch":9,"val_loss":31.107924606349552,"val_accuracy":0.09933333333333333,"accuracy":0.0996481481481486,"_runtime":52.2504144,"loss":31.09705128785479,"test_accuracy":0.1,"_timestamp":1.742194110374652e+09}