{"_timestamp":1.7422229983195214e+09,"loss":0.27282181836667535,"val_accuracy":0.884,"accuracy":0.8980925925926403,"_step":9,"epoch":9,"_wandb":{"runtime":65},"_runtime":65.6488296,"val_loss":0.33702067531856733}