{"val_accuracy":0.8431666666666666,"loss":0.4412015766327882,"accuracy":0.8442037037037415,"_wandb":{"runtime":28},"_step":10,"val_loss":0.4604212525564041,"test_accuracy":0.8333,"epoch":9,"_timestamp":1.7421988912100198e+09,"_runtime":28.2043474}