{"_step":10,"test_accuracy":0.8762,"val_loss":0.32530996836782206,"val_accuracy":0.8831666666666667,"epoch":9,"accuracy":0.8981111111111593,"_runtime":73.18152,"_timestamp":1.7422094623068137e+09,"loss":0.270593929894437,"_wandb":{"runtime":73}}