{"_timestamp":1.7421268889124234e+09,"test_accuracy":0.1,"loss":2.4888542595548033,"accuracy":0.10011111111111275,"epoch":9,"_runtime":47.0554464,"val_loss":2.475288785001329,"_wandb":{"runtime":47},"_step":10,"val_accuracy":0.099}