{"accuracy":0.8974444444444928,"val_loss":0.3277671290117551,"epoch":9,"val_accuracy":0.883,"_wandb":{"runtime":71},"loss":0.27391687163751893,"best_model_confusion_matrix":{"_type":"image-file","sha256":"33e5f3577289c99f4a030696ca49266d564b8def094b8b5251c4721d8c185535","size":143013,"path":"media/images/best_model_confusion_matrix_10_33e5f3577289c99f4a03.png","format":"png","width":1400,"height":1200},"_runtime":71.4881066,"_step":11,"final_test_accuracy":0.8764,"_timestamp":1.7422135456433716e+09}