{"_wandb":{"runtime":55},"_runtime":55.3537729,"val_loss":2.302662121920667,"accuracy":0.10074074074074114,"_step":10,"val_accuracy":0.09333333333333334,"loss":2.3025237191674965,"epoch":9,"test_accuracy":0.1,"_timestamp":1.7421265501138382e+09}