{"_wandb":{"runtime":20},"accuracy":0.8672222222222258,"val_loss":0.38662391247137806,"loss":0.37516863890416724,"_timestamp":1.7421989896608365e+09,"test_accuracy":0.8527,"val_accuracy":0.8645,"epoch":9,"_runtime":20.267218,"_step":10}