{"loss":NaN,"val_accuracy":0.09333333333333334,"_runtime":14.4232473,"accuracy":0.10074074074074231,"epoch":4,"val_loss":NaN,"test_accuracy":0.1,"_wandb":{"runtime":14},"_step":5,"_timestamp":1.742125861517287e+09}