{"loss":2.796535768531214,"_wandb":{"runtime":14},"val_accuracy":0.09333333333333334,"accuracy":0.09920370370370432,"val_loss":2.8260024307892446,"epoch":9,"test_accuracy":0.1,"_timestamp":1.7421263542293463e+09,"_step":10,"_runtime":14.6795046}