{"val_loss":31.177002159139374,"_runtime":50.5967139,"_wandb":{"runtime":50},"val_accuracy":0.09733333333333333,"_timestamp":1.7421246955626535e+09,"loss":31.088736397241185,"_step":10,"test_accuracy":0.1,"epoch":9,"accuracy":0.09988888888888933}