{"_runtime":46.4266644,"accuracy":0.10074074074074216,"_wandb":{"runtime":46},"val_loss":NaN,"_timestamp":1.742149969880466e+09,"_step":15,"test_accuracy":0.1,"val_accuracy":0.09333333333333334,"epoch":14,"loss":NaN}