{"val_loss":2.3736445732298996,"accuracy":0.10031481481481537,"_wandb":{"runtime":67},"val_accuracy":0.09333333333333334,"epoch":9,"_timestamp":1.7421257133183823e+09,"test_accuracy":0.1,"_runtime":67.1645401,"_step":10,"loss":2.3634780173606593}