{"val_loss":0.3939954448440503,"val_accuracy":0.8595,"epoch":9,"_timestamp":1.7421965881550963e+09,"_runtime":43.7330124,"test_accuracy":0.8459,"loss":0.4156333221704371,"accuracy":0.8507222222222106,"_step":10,"_wandb":{"runtime":43}}