{"val_loss":0.3395399627679124,"_step":9,"epoch":9,"loss":0.2790332132038607,"_runtime":76.6972219,"accuracy":0.8962407407407881,"_wandb":{"runtime":76},"val_accuracy":0.8763333333333333,"_timestamp":1.7422233157531908e+09}