{"_wandb":{"runtime":11},"loss":2.2171056599659216,"val_accuracy":0.19533333333333333,"_step":10,"test_accuracy":0.1924,"_timestamp":1.742208873009277e+09,"_runtime":11.5278311,"accuracy":0.18970370370370396,"val_loss":2.2098427344368403,"epoch":9}