{"loss":NaN,"epoch":9,"_timestamp":1.7421247653156877e+09,"_wandb":{"runtime":14},"accuracy":0.10074074074074121,"test_accuracy":0.1,"val_accuracy":0.09333333333333334,"_runtime":14.3181078,"_step":10,"val_loss":NaN}