{"val_accuracy":0.7981666666666667,"loss":0.5920337444924275,"_timestamp":1.7421971954852457e+09,"test_accuracy":0.7857,"_wandb":{"runtime":24},"epoch":9,"_runtime":24.2719981,"_step":10,"accuracy":0.7900925925925937,"val_loss":0.5779975452393747}