{"val_accuracy":0.102,"test_accuracy":0.1,"loss":2.30522794666917,"val_loss":2.304507021301043,"epoch":4,"accuracy":0.09887037037037091,"_timestamp":1.7421268063395174e+09,"_runtime":12.7115468,"_step":5,"_wandb":{"runtime":12}}