{"val_loss":0.3447772989857546,"val_accuracy":0.875,"loss":0.2638676547969452,"epoch":9,"accuracy":0.9010925925925718,"_timestamp":1.742198939044019e+09,"_step":10,"test_accuracy":0.8695,"_wandb":{"runtime":43},"_runtime":43.6565779}