{"_runtime":37.8075846,"confusion_matrix":{"width":1000,"height":800,"_type":"image-file","sha256":"d90d7dd9ee9ea6a38c8b2bcea7cad42d0c75a66383ee38264f6a02f6857ce413","size":48504,"path":"media/images/confusion_matrix_6_d90d7dd9ee9ea6a38c8b.png","format":"png"},"_wandb":{"runtime":37},"accuracy":0.09761111111111259,"val_loss":31.142463382744463,"test_accuracy":0.1,"_step":7,"_timestamp":1.7421186169864206e+09,"epoch":4,"fashion_mnist_samples":{"width":1000,"height":1000,"_type":"image-file","sha256":"f4a498cc082bec61edb428fccc8d2fd4a15177157c8990e5fbe13332c20e1dde","size":36687,"path":"media/images/fashion_mnist_samples_0_f4a498cc082bec61edb4.png","format":"png"},"val_accuracy":0.09833333333333333,"loss":31.167408054584993}