{"val_loss":0.07800407304505087,"_step":10,"_timestamp":1.7422280508049326e+09,"_wandb":{"runtime":65},"val_accuracy":0.9796666666666667,"confusion_matrix":{"path":"media/images/confusion_matrix_10_3dea62249ca75caff561.png","format":"png","width":1200,"height":1000,"_type":"image-file","sha256":"3dea62249ca75caff56161664534b86683cd207b3b961288258d2a3a82df72d8","size":80906},"_runtime":65.8335527,"accuracy":0.9915370370370293,"epoch":9,"loss":0.025383802587901676}