{"val_accuracy":0.883,"epoch":9,"val_loss":0.33452191164133704,"_step":10,"_timestamp":1.7422096864981802e+09,"accuracy":0.8944074074073896,"test_accuracy":0.8689,"_runtime":25.9550391,"loss":0.28723808538900025,"_wandb":{"runtime":25}}