{"_wandb":{"runtime":68},"_step":15,"val_loss":2.3032567284638894,"test_accuracy":0.1,"val_accuracy":0.09833333333333333,"_timestamp":1.7421510731711588e+09,"epoch":14,"loss":2.306926456657922,"accuracy":0.09811111111111256,"_runtime":68.8811467}