{"test_accuracy":0.1,"_step":5,"loss":14.800831532063446,"val_accuracy":0.09833333333333333,"_runtime":50.7985344,"_timestamp":1.742125967706137e+09,"_wandb":{"runtime":50},"epoch":4,"val_loss":17.180761007255036,"accuracy":0.10018518518518825}