{"_runtime":59.4650963,"epoch":9,"_step":10,"accuracy":0.09805555555555696,"_wandb":{"runtime":59},"loss":31.15205748729841,"val_loss":30.987038888967362,"val_accuracy":0.10283333333333333,"_timestamp":1.7421253083201594e+09,"test_accuracy":0.1}