{"_timestamp":1.7421521782565973e+09,"test_accuracy":0.1,"val_loss":2.388864838136195,"val_accuracy":0.09733333333333333,"epoch":14,"loss":2.384496427737529,"_wandb":{"runtime":62},"_runtime":62.3961589,"accuracy":0.10029629629629912,"_step":15}