{"val_accuracy":0.8761666666666666,"loss":0.3005681647332447,"test_accuracy":0.8636,"_wandb":{"runtime":102},"val_loss":0.3449341912777971,"accuracy":0.8893148148148607,"_timestamp":1.7421967789628394e+09,"_runtime":102.0310699,"_step":10,"epoch":9}