{"_runtime":40.3024035,"accuracy":0.9030555555555353,"val_loss":0.364709805703812,"test_accuracy":0.8627,"epoch":9,"val_accuracy":0.8715,"_wandb":{"runtime":40},"_step":10,"loss":0.25963375156411667,"_timestamp":1.7422092594383938e+09}