{"test_accuracy":0.1,"val_loss":30.998551814432332,"accuracy":0.09992592592592653,"_wandb":{"runtime":196},"val_accuracy":0.1025,"_runtime":196.8147635,"_step":10,"loss":31.0874571833007,"_timestamp":1.7421934754730556e+09,"epoch":9}