{"epoch":9,"_runtime":61.8527214,"loss":2.313932736917941,"_timestamp":1.7421269563507047e+09,"test_accuracy":0.1,"_wandb":{"runtime":61},"val_loss":2.30725168816494,"_step":10,"accuracy":0.10020370370370414,"val_accuracy":0.09833333333333333}