{"_timestamp":1.7421246397078893e+09,"loss":31.088736397241064,"val_accuracy":0.09733333333333333,"epoch":9,"_runtime":26.4964706,"test_accuracy":0.1,"_step":10,"accuracy":0.09988888888889173,"val_loss":31.177002159139374,"_wandb":{"runtime":26}}