{"accuracy":0.09787037037037175,"_timestamp":1.7422080600260077e+09,"epoch":4,"_runtime":56.3400083,"loss":2.3026279611810905,"test_accuracy":0.1,"val_loss":2.302753513380133,"_step":5,"val_accuracy":0.09733333333333333,"_wandb":{"runtime":56}}