{"val_loss":NaN,"_step":10,"loss":NaN,"val_accuracy":0.09333333333333334,"_runtime":15.1810457,"epoch":9,"_timestamp":1.742125882993783e+09,"_wandb":{"runtime":15},"test_accuracy":0.1,"accuracy":0.10074074074074225}