{"_runtime":23.4942717,"test_accuracy":0.1,"val_loss":2.3048070146849624,"accuracy":0.09877777777777833,"epoch":14,"_wandb":{"runtime":23},"_timestamp":1.7421496216788876e+09,"_step":15,"loss":2.303708426734353,"val_accuracy":0.09733333333333333}