{"_wandb":{"runtime":137},"_step":10,"loss":31.10280775058714,"val_loss":31.03884705355973,"val_accuracy":0.10133333333333333,"accuracy":0.09948148148148425,"epoch":9,"test_accuracy":0.1,"_runtime":137.7400286,"_timestamp":1.7421254503813696e+09}