{"_runtime":63.1825509,"_wandb":{"runtime":63},"val_loss":31.073385829954642,"_step":5,"accuracy":0.09809259259259409,"val_accuracy":0.10033333333333333,"epoch":4,"_timestamp":1.7421266479238734e+09,"test_accuracy":0.1,"loss":31.150778273357858}