{"_step":15,"_wandb":{"runtime":70},"_timestamp":1.742152102543741e+09,"epoch":14,"loss":2.312760860411577,"_runtime":70.5245022,"val_loss":2.305143180102478,"accuracy":0.10083333333333622,"test_accuracy":0.1,"val_accuracy":0.10716666666666666}