{"confusion_matrix":{"width":1200,"height":1000,"_type":"image-file","sha256":"3f6521f5a2fc17b0891d3b015ffe72b22afa83260b19ef224c861a57e7301079","size":80453,"path":"media/images/confusion_matrix_10_3f6521f5a2fc17b0891d.png","format":"png"},"val_loss":0.12039569514463197,"_step":10,"_wandb":{"runtime":25},"_timestamp":1.74222807859453e+09,"accuracy":0.987851851851841,"epoch":9,"loss":0.04556438039306652,"_runtime":25.888451,"val_accuracy":0.9733333333333334}