{"_step":15,"val_accuracy":0.102,"accuracy":0.10011111111111264,"val_loss":2.3042350096539046,"test_accuracy":0.1,"_wandb":{"runtime":71},"_timestamp":1.742148871264242e+09,"_runtime":71.8637962,"loss":2.304612910934855,"epoch":14}