{"accuracy":0.9870370370371178,"_step":10,"confusion_matrix":{"size":80833,"path":"media/images/confusion_matrix_10_2d3d52a496d3ca235e26.png","format":"png","width":1200,"height":1000,"_type":"image-file","sha256":"2d3d52a496d3ca235e26a32ccc0a7ab99c2c0a2bf25bb0b8728d439853567604"},"_wandb":{"runtime":106},"val_loss":0.09008354722517584,"val_accuracy":0.9785,"epoch":9,"_runtime":106.8835221,"loss":0.04286679727731751,"_timestamp":1.7422279820482666e+09}