{"val_accuracy":0.1115,"_step":10,"test_accuracy":0.1058,"_wandb":{"runtime":93},"loss":1.8358605263532497,"_timestamp":1.7421252426825824e+09,"accuracy":0.21022222222222767,"_runtime":93.6060273,"val_loss":1.9007717075048947,"epoch":9}