{"_timestamp":1.7421262887167919e+09,"_step":5,"val_loss":2.302944980476588,"test_accuracy":0.1,"val_accuracy":0.10133333333333333,"accuracy":0.09966666666666814,"epoch":4,"loss":2.3034317610904655,"_runtime":28.0114099,"_wandb":{"runtime":28}}