{"_wandb":{"runtime":149},"val_loss":3.325105388074025,"loss":3.309247665170344,"_runtime":149.7800911,"test_accuracy":0.1,"_step":10,"epoch":9,"val_accuracy":0.09733333333333333,"_timestamp":1.7421261621117718e+09,"accuracy":0.10105555555555856}