{"val_accuracy":0.09733333333333333,"test_accuracy":0.1,"loss":2.303532196963113,"_wandb":{"runtime":23},"_step":5,"epoch":4,"val_loss":2.3039529790610067,"accuracy":0.10038888888889179,"_timestamp":1.7421256420624819e+09,"_runtime":23.3582}