{"_wandb":{"runtime":101},"loss":0.27099114854295575,"val_accuracy":0.8843333333333333,"_runtime":101.1536923,"test_accuracy":0.8753,"epoch":9,"_timestamp":1.7422174701526601e+09,"_step":10,"accuracy":0.9007037037037536,"val_loss":0.33247587253349353}