{"val_loss":NaN,"_runtime":14.855891,"test_accuracy":0.1,"val_accuracy":0.09333333333333334,"_step":10,"accuracy":0.10074074074074248,"loss":NaN,"_timestamp":1.742125989297339e+09,"epoch":9,"_wandb":{"runtime":14}}