{"accuracy":0.8578148148148166,"val_loss":0.41633671876640665,"_step":10,"val_accuracy":0.8543333333333333,"_wandb":{"runtime":16},"loss":0.41015802211108016,"test_accuracy":0.8436,"_runtime":16.4256203,"epoch":9,"_timestamp":1.7422088083035374e+09}