{"accuracy":0.09950000000000277,"_timestamp":1.7421261874304254e+09,"val_loss":30.83737085792275,"_runtime":12.8231636,"_wandb":{"runtime":12},"test_accuracy":0.1,"epoch":4,"val_accuracy":0.10716666666666666,"_step":5,"loss":31.102168143616947}