{"epoch":9,"accuracy":0.8955555555555621,"val_loss":0.333447323210463,"val_accuracy":0.88,"test_accuracy":0.8723,"_timestamp":1.7421977120223005e+09,"_step":10,"_wandb":{"runtime":30},"_runtime":30.2012079,"loss":0.28629390684180556}