{"_runtime":33.8384581,"_wandb":{"runtime":33},"test_accuracy":0.1,"epoch":14,"_step":15,"val_loss":NaN,"val_accuracy":0.09333333333333334,"_timestamp":1.7421522679094853e+09,"accuracy":0.10074074074074346,"loss":NaN}