{"val_loss":2.30487506953872,"_runtime":47.7941599,"test_accuracy":0.1,"_wandb":{"runtime":47},"_timestamp":1.742150626723998e+09,"val_accuracy":0.10283333333333333,"_step":15,"accuracy":0.0999629629629659,"epoch":14,"loss":2.3070515601404757}