{"val_accuracy":0.8808333333333334,"accuracy":0.8933148148148197,"epoch":9,"_timestamp":1.7421969862526643e+09,"val_loss":0.32976139240566194,"_runtime":17.398287,"test_accuracy":0.8751,"_step":10,"_wandb":{"runtime":17},"loss":0.28691493410953345}