{"_step":15,"val_accuracy":0.09833333333333333,"test_accuracy":0.1,"accuracy":0.10018518518518797,"_timestamp":1.7421503207155702e+09,"loss":2.3178543191298036,"_wandb":{"runtime":49},"val_loss":2.3226965503004866,"_runtime":49.1874314,"epoch":14}