{"val_accuracy":0.09833333333333333,"epoch":14,"accuracy":0.10100000000000138,"test_accuracy":0.1,"_step":15,"val_loss":31.142463382744463,"_timestamp":1.7421505657926614e+09,"_runtime":32.784403,"_wandb":{"runtime":32},"loss":31.050359979024467}