{"test_accuracy":0.1,"val_accuracy":0.09733333333333333,"epoch":9,"_wandb":{"runtime":42},"accuracy":0.10116666666666942,"val_loss":31.177002159139374,"_timestamp":1.7421952878743906e+09,"_step":10,"loss":31.044603516292113,"_runtime":42.663219}