{"loss":0.27397819424182224,"_wandb":{"runtime":67},"_timestamp":1.7422222547504253e+09,"_step":9,"val_loss":0.3213308241875324,"val_accuracy":0.8858333333333334,"_runtime":67.7595724,"accuracy":0.8982222222222698,"epoch":9}