{"test_accuracy":0.1,"_runtime":30.2257973,"loss":2.3029450737433,"_step":15,"accuracy":0.0993703703703709,"_wandb":{"runtime":30},"val_accuracy":0.099,"val_loss":2.303070135821983,"epoch":14,"_timestamp":1.7421513691017199e+09}