{"_step":15,"loss":31.1258336015171,"accuracy":0.09881481481481753,"test_accuracy":0.1,"_wandb":{"runtime":42},"val_accuracy":0.10283333333333333,"_timestamp":1.742152227947732e+09,"val_loss":30.987038888967362,"epoch":14,"_runtime":42.1724511}