{"_timestamp":1.7421266980472884e+09,"val_accuracy":0.10133333333333333,"_runtime":16.7576613,"_step":5,"accuracy":0.09979629629629672,"loss":2.310440273901369,"_wandb":{"runtime":16},"val_loss":2.309045151335995,"test_accuracy":0.1,"epoch":4}