{"_wandb":{"runtime":149},"accuracy":0.8856851851852308,"test_accuracy":0.8594,"loss":0.31126756258516547,"val_accuracy":0.8678333333333333,"_timestamp":1.7421982942490737e+09,"_step":10,"epoch":9,"val_loss":0.37151540671903144,"_runtime":149.6884598}