{"_step":10,"accuracy":0.7776666666666898,"test_accuracy":0.7711,"val_accuracy":0.7828333333333334,"epoch":9,"_timestamp":1.7421976759247432e+09,"_runtime":43.5318212,"val_loss":0.6037459042577938,"_wandb":{"runtime":43},"loss":0.6118926955865379}