{"epoch":9,"test_accuracy":0.1,"val_accuracy":0.10283333333333333,"val_loss":30.987038888967362,"_runtime":193.336304,"accuracy":0.0990000000000006,"_wandb":{"runtime":193},"_step":10,"loss":31.11943753181452,"_timestamp":1.742193086466559e+09}