{"val_loss":2.3123229864262544,"test_accuracy":0.1,"val_accuracy":0.09333333333333334,"accuracy":0.0997407407407435,"_step":10,"epoch":9,"loss":2.3124310460166564,"_wandb":{"runtime":43},"_timestamp":1.7421256146397583e+09,"_runtime":43.495799}