{"accuracy":0.10074074074074336,"val_accuracy":0.09333333333333334,"_timestamp":1.7421500148099747e+09,"_runtime":38.0370812,"_wandb":{"runtime":38},"loss":NaN,"val_loss":NaN,"epoch":14,"test_accuracy":0.1,"_step":15}