{"val_accuracy":0.10283333333333333,"epoch":9,"_step":10,"_runtime":38.0170618,"_wandb":{"runtime":38},"accuracy":0.09724074074074124,"test_accuracy":0.1,"loss":2.308333670326555,"_timestamp":1.7421246086145387e+09,"val_loss":2.308836349248575}