{"_step":10,"_wandb":{"runtime":24},"val_accuracy":0.8763333333333333,"_timestamp":1.7422082451435611e+09,"test_accuracy":0.8687,"epoch":9,"val_loss":0.33987333125302116,"accuracy":0.8932962962962772,"_runtime":24.7453826,"loss":0.287773938084772}