{"_runtime":53.921199,"test_accuracy":0.1,"_wandb":{"runtime":53},"loss":NaN,"val_accuracy":0.09333333333333334,"accuracy":0.10074074074074126,"epoch":14,"_timestamp":1.7421499190821764e+09,"val_loss":NaN,"_step":15}