{"val_loss":NaN,"_step":15,"_wandb":{"runtime":91},"loss":NaN,"accuracy":0.10074074074074224,"val_accuracy":0.09333333333333334,"_runtime":91.4074792,"test_accuracy":0.1,"epoch":14,"_timestamp":1.7421518795215285e+09}