{"test_accuracy":0.8203,"val_loss":0.477593369260059,"epoch":9,"_timestamp":1.7421983248297362e+09,"_runtime":17.0613371,"accuracy":0.8307592592592948,"_step":10,"val_accuracy":0.8341666666666666,"loss":0.4870379350531338,"_wandb":{"runtime":17}}