{"test_accuracy":0.1,"val_accuracy":0.10716666666666666,"val_loss":30.83737085792275,"_timestamp":1.7421490979901857e+09,"_runtime":29.9295711,"_step":15,"accuracy":0.09953703703703748,"epoch":14,"loss":31.100888929676447,"_wandb":{"runtime":29}}