{"_wandb":{"runtime":111},"_step":15,"_runtime":111.634036,"loss":2.3073813685259337,"val_loss":2.30291852893448,"epoch":14,"test_accuracy":0.1,"accuracy":0.09772222222222283,"_timestamp":1.74215049032652e+09,"val_accuracy":0.10716666666666666}