{"_runtime":34.4542453,"_step":10,"epoch":9,"_wandb":{"runtime":34},"_timestamp":1.7421263269674153e+09,"accuracy":0.09959259259259426,"test_accuracy":0.1,"loss":2.302649647113459,"val_loss":2.3023452506617548,"val_accuracy":0.09733333333333333}