{"_runtime":37.2685407,"loss":31.148859452447045,"accuracy":0.09814814814815094,"_wandb":{"runtime":37},"_step":15,"val_loss":31.31515726471901,"_timestamp":1.7421511158676188e+09,"val_accuracy":0.09333333333333334,"epoch":14,"test_accuracy":0.1}