{"accuracy":0.10053703703703974,"val_accuracy":0.099,"_timestamp":1.7421495848309379e+09,"_runtime":97.0149718,"loss":2.3227907364111355,"_step":15,"val_loss":2.332388697058074,"epoch":14,"test_accuracy":0.1,"_wandb":{"runtime":97}}