{"_step":15,"val_loss":31.015821202629787,"loss":31.079781899657245,"_wandb":{"runtime":252},"test_accuracy":0.1,"epoch":14,"val_accuracy":0.102,"_runtime":252.8312855,"accuracy":0.1001481481481509,"_timestamp":1.7421517293777065e+09}