{"val_accuracy":0.09333333333333334,"_step":25,"epoch":24,"accuracy":0.10025925925926092,"test_accuracy":0.1,"_timestamp":1.7421427020728061e+09,"_runtime":272.3923938,"loss":31.0759442578355,"_wandb":{"runtime":272},"val_loss":31.31515726471901}