{"epoch":14,"test_accuracy":0.1,"_wandb":{"runtime":42},"val_accuracy":0.09333333333333334,"accuracy":0.10074074074074241,"val_loss":NaN,"_timestamp":1.7421489693598826e+09,"_step":15,"loss":NaN,"_runtime":42.4852353}