{"accuracy":0.1007407407407424,"val_accuracy":0.09333333333333334,"epoch":14,"loss":NaN,"test_accuracy":0.1,"_wandb":{"runtime":30},"_timestamp":1.7421511511074543e+09,"val_loss":NaN,"_runtime":30.1408861,"_step":15}