{"_wandb":{"runtime":73},"val_loss":0.31276215479690656,"loss":0.27445175338923644,"epoch":9,"_runtime":73.8714888,"accuracy":0.8989259259259746,"val_accuracy":0.8871666666666667,"_step":9,"_timestamp":1.7422235862124836e+09}