{"epoch":24,"_runtime":477.0702892,"loss":31.06762936722194,"val_loss":31.142463382744463,"test_accuracy":0.1,"_step":25,"_wandb":{"runtime":477},"_timestamp":1.7421417867888844e+09,"accuracy":0.10050000000000295,"val_accuracy":0.09833333333333333}