{"accuracy":0.09855555555555721,"_wandb":{"runtime":55},"test_accuracy":0.1,"epoch":14,"_step":15,"val_loss":2.304076780947038,"_runtime":55.6773003,"loss":2.3069450365411943,"_timestamp":1.742150117705844e+09,"val_accuracy":0.10716666666666666}