{"val_loss":31.31515726471901,"accuracy":0.10096296296296611,"_timestamp":1.7421436357115571e+09,"test_accuracy":0.1,"_runtime":504.0633744,"epoch":24,"loss":31.05163919296501,"_step":25,"_wandb":{"runtime":504},"val_accuracy":0.09333333333333334}