{"val_accuracy":0.10716666666666666,"_runtime":43.3402125,"accuracy":0.1017962962962989,"test_accuracy":0.1,"_timestamp":1.742148922260256e+09,"val_loss":2.353019705677199,"epoch":14,"_wandb":{"runtime":43},"_step":15,"loss":2.3438672726254306}