{"val_loss":30.95250011257245,"val_accuracy":0.10383333333333333,"accuracy":0.09868518518518682,"_timestamp":1.7421952370034444e+09,"_runtime":39.5917303,"test_accuracy":0.1,"loss":31.13031085030896,"_step":5,"_wandb":{"runtime":39},"epoch":4}