{"epoch":9,"test_accuracy":0.1,"_step":10,"_wandb":{"runtime":23},"loss":31.16740805458502,"val_loss":30.83737085792275,"_timestamp":1.7421249184885767e+09,"val_accuracy":0.10716666666666666,"_runtime":23.8868418,"accuracy":0.09761111111111251}