{"_runtime":61.7805077,"loss":0.27121623514676285,"accuracy":0.8987407407407895,"_wandb":{"runtime":61},"epoch":9,"val_accuracy":0.8868333333333334,"_step":9,"_timestamp":1.7422158859499912e+09,"val_loss":0.31587409105488357}